<configuration>
    <property>
        <name>yarn.nodemanager.aux-services</name>
        <value>mapreduce_shuffle</value>
    </property>
    <property>
        <name>yarn.application.classpath</name>
        <value>/usr/local/hadoop/etc/hadoop, /usr/local/hadoop/share/hadoop/common/*, /usr/local/hadoop/share/hadoop/common/lib/*, /usr/local/hadoop/share/hadoop/hdfs/*, /usr/local/hadoop/share/hadoop/hdfs/lib/*, /usr/local/hadoop/share/hadoop/mapreduce/*, /usr/local/hadoop/share/hadoop/mapreduce/lib/*, /usr/local/hadoop/share/hadoop/yarn/*, /usr/local/hadoop/share/hadoop/yarn/lib/*</value>
    </property>
    <property>
        <name>yarn.nodemanager.delete.debug-delay-sec</name>
        <value>600</value>
    </property>
</configuration>